First Name,Last Name,Gender,Email Address,Phone Number,Username,Password
Kristen,Watson,Female,stewartjoseph@lutz-small.com,1140665876422,toni18,6#1Kvk+_T#
Timothy,Taylor,Male,melissa69@yahoo.com,7862210752749,iguzman,i7*kUwc_#0
Timothy,Suarez,Female,perezadam@rivera.com,5770099775873,rharris,!L14LL9x@8
Andrew,Mendez,Female,bferguson@hughes.com,1881156572647,meghanmiller,$Rb^^wnoC9
Lindsay,Kane,,woodjennifer@yahoo.com,4671244063221,robert52,S_19iEDtM+
Jeanette,Adams,,csanders@hotmail.com,8937427260366,gonzalezmicheal,SZ!7SIsw!E
Jason,Doyle,Male,melanie60@rios.com,8472544791566,allenpatrick,%0_%CXd%Qo
Harry,Lam,Female,npeters@wolfe.biz,186418655419,harrisrobin,U6LgNTb#)&
Heidi,Wilson,Male,ysanders@yahoo.com,9624059914173,cmann,!9M9l(Ku#8
Ashley,Gonzalez,Female,diazjeffrey@hotmail.com,4865117373225,brentlawson,0hU^Jk3q#+
Vicki,Lane,Female,smedina@gmail.com,2698260180159,bonniecruz,WPh0Cfrk+7
Melanie,Johnston,Female,taguilar@nelson.com,4056642475477,barberjessica,h&P6N_^2Gb
Jerry,Douglas,Male,samanthahowell@hotmail.com,4085753873157,dthomas,4#Dv%0YagG
Parker,Mcguire,Female,tim00@hotmail.com,8330622141220,jordancynthia,m+3A17Tc#U
Ariana,Reed,,bryan96@hotmail.com,2777076111958,narellano,$5iAMi6MGj
Eric,Padilla,,farleyhannah@gmail.com,2854481961449,alexa94,k0A7SPuB(V
Zachary,Whitaker,,qrobinson@hotmail.com,4413406021872,rogerlyons,&9X^q#y9Jt
Melissa,Shaw,Female,travislee@moran.org,1206903423993,pfarrell,s1gASSQ!(N
Jesus,Wall,Male,andrew71@yahoo.com,2469285756002,parkerdillon,*uuF+8kg94
Shirley,Vasquez,Male,cole18@bailey.com,3495839235154,jason10,j$qR)8Vg!N
Ana,Collins,,morgancynthia@hotmail.com,3387897636957,amberorozco,+AsEVUSo9w
Lisa,Brooks,Female,gonzalezmaria@hotmail.com,5625612841602,billydiaz,boq3LjQr*7
Tamara,Gardner,,theresaallen@hotmail.com,9104064022628,davistanya,W&#2ZkZoFU
Tamara,Joseph,,kevin70@moore.com,8460556267103,johnsonroger,b2MNfc^D&E
Gregory,Cervantes,,bward@yahoo.com,7648875077472,david51,ll16!Bsk0^
April,Morgan,,whitecatherine@baird.info,2142071042382,mbradley,p7iXk^iK+W
Oscar,Bradley,Female,lori92@pierce.com,7058287471718,brittany95,$%rO3K9qx0
James,Perry,,dellison@yahoo.com,5122690420241,yharris,!216YOdsFV
Michael,Stuart,,tylerschwartz@cole.com,2715421425155,johnsoncindy,@g08LXy&cn
Kristin,Jacobs,Female,vincentmoore@holland-spencer.com,3703073946486,christina10,A9F+rol9$0
Samantha,Kent,Male,coopermary@gibson.com,1563907202798,gflowers,@1sO)&Sl^d
Robert,Perez,,zlopez@hotmail.com,9004118815432,daniel85,&!BM_Mm!7i
Susan,Thompson,Male,lsalinas@rich.com,344491520436,vburns,4E4Mf^yC7@
Timothy,Wilson,Male,laura94@mullen.info,2743869110979,christopherelliott,!0wMvssGW3
Marcus,Hunt,,danamckinney@hotmail.com,9653864075679,michaeljordan,1^Q7VQYq$L
Amy,Price,Male,rachel68@yahoo.com,9979912575549,lisa44,lwC+9WKz@4
Valerie,White,Female,aserrano@clayton.biz,2247110994261,kathryn06,+2UjI8XhNt
Jeffrey,Alvarez,Male,brittany63@gardner.com,3689399393772,hughesrichard,A5&7IGhI_D
Deborah,Cordova,Female,sullivanjulie@gmail.com,8344221970219,garciasamuel,*p&E%ofc5i
Grace,Jensen,,erin53@esparza.com,8070957725914,diazkatrina,9IA4VGPy@V
Abigail,Barnett,Female,vrios@yahoo.com,9032401923839,lsummers,k8L3Xl!S_k
James,Davis,,heather61@gmail.com,8016043804318,jonesheather,&2mkVmga$(
David,Burton,Male,wpoole@hotmail.com,3856284635663,valeriebarnes,$j04SYOcDg
David,Ortiz,Female,hudsondarren@hotmail.com,4039073468417,taylordiaz,gkn8uCGmF)
Jose,Murray,Female,rodriguezdarren@mcneil.com,4365094301034,margaretpatton,$%V796Lv)*
Mary,Estrada,Male,nnewman@gmail.com,2816372235262,oliverkayla,4C4(*4vxI)
Kathleen,Vasquez,,burchthomas@yahoo.com,7540628762179,kwilliams,$#7oSFfJ9*
Sabrina,Moss,Male,hbaker@yahoo.com,9910225458310,wdillon,33Xo#yF6(e
Alicia,Kim,Female,irobinson@khan-carter.com,6650735891213,heidi08,5+EAk_z9_6
Eric,Gomez,Male,parsonslori@king.com,2657706754959,susan94,S6@&fMNi!d
Madison,Sawyer,Female,andrea14@kennedy-washington.info,159305624279,kyle37,*fCWSzQ97e
Victoria,Dorsey,,charleswatkins@castro-robbins.com,188725045089,rachael73,(62LhTwBGy
Kathryn,Brown,Female,sobrien@reed.net,5859216088919,ytaylor,D$44!Q2y30
Holly,Bailey,Female,josephchung@wilson-hall.org,285695438197,vbrennan,!03#V0zph_
Kathryn,Howell,Male,waltonjennifer@woods.com,2681105805872,sherriallen,d#5ffZgJ6L
James,Bush,Female,bguerrero@yahoo.com,6479019675540,ronald33,$9aiYIYCEz
Richard,Love,Male,kimberlyevans@jackson.org,2671000101292,dianejones,%of0FZsx6x
Valerie,Richards,,gardnercurtis@hall-russell.com,7129325147742,dakotadavis,&&AJBSd61C
Richard,Little,,jennifergriffith@gmail.com,5393693361050,mary29,+6+8iSNa(w
Ralph,Delgado,Female,smithdavid@yahoo.com,8915776854968,alexander30,el@6CsLjfP
Mike,Rivera,Female,taylorjohnson@gmail.com,2095048563535,melissa14,_zdquCSu9D
Sarah,Cruz,Male,hansenchristina@pacheco-wallace.com,156099593470,jacobsonwilliam,*y4RuaoOLT
Christopher,Sherman,Male,brandy62@hotmail.com,3435634848753,josephmeyer,EnOYe!wN^6
Kyle,Gonzalez,Female,pamela60@pacheco-thompson.com,1874416038597,jessica16,0G3OwrhD%$
Michelle,Ryan,Female,amyrussell@cook-holland.com,784077841691,lisa75,u*2jz1UfYb
Zachary,Everett,,thomasclaudia@sawyer.info,3058434030803,xray,(4jVREnOzy
Judith,Hooper,Male,maxwellpatricia@waters.com,7467816114294,christine03,j1IJv9MJ(_
Ashley,Martin,Female,ortiznicholas@hotmail.com,2606914923547,jasoncunningham,$%FA6ITDms
Samuel,Stewart,Male,thompsontony@gmail.com,7208872780142,evanswilliam,C7&6Jzqp_!
Steven,Thompson,Female,cynthia00@gmail.com,8350814433207,zachary88,I6%3H3wzqV
James,Martinez,Female,cisnerosdanny@jones-wood.net,142377913928,anna31,T!6HLXsovK
Pamela,Green,,blake43@taylor-newton.com,4905092992679,michaelhoffman,*6FHjIplN8
Janet,Manning,Male,perrytony@barnett.com,4782846393585,vwilliams,)O111#Ww_J
Brandon,Mccormick,Female,hchavez@gmail.com,8893764421551,brownpamela,Q5YAfj8d)D
Patrick,Powers,Male,shahcindy@gmail.com,5856079756316,zthomas,(Ag7XXEf2_
Courtney,Jacobs,Male,emartinez@hotmail.com,5743450389866,connie04,YM8o%0cxV*
Victor,Simmons,,chambersshannon@yahoo.com,9302497323365,qevans,W52u#EunB$
Marissa,Hines,Female,matthewsheather@lopez.com,6165091954222,thomas00,0#2SXHru!@
Brenda,Rios,Female,dpeterson@yahoo.com,870691646652,beckymckay,n*S49gRwBC
Jeff,Conley,Female,qyoung@allen-lopez.com,8726421881514,caindonald,xd*19Jcj51
Megan,Nelson,Male,wswanson@osborne.com,1144284113563,tdeleon,*w^GUeW9V5
Christopher,Jenkins,Female,maryschmidt@chapman-hayes.com,1496043821580,sharonmann,r%8v3OVnF6
Robin,Ryan,,michaelhenry@hotmail.com,1038756739783,lijennifer,%0CpIZ%lky
Danny,Cantu,,cmaldonado@johns.info,9660347819418,benjaminho,WX&Ophi@+4
Sara,Shaw,,patriciasimmons@hotmail.com,3416140794787,hjohnson,xdO9ZDvCX@
Karen,Parker,Female,victoriasmith@mendoza.com,2772352504042,fwebb,#a33(DEeCW
Lisa,Solomon,Male,kimberlybird@hotmail.com,4738135204337,joneswilliam,*0BJRdCS#c
Tara,Ponce,Female,lisa51@tanner.com,1515954959995,misty01,%6E&ByvT)!
Brandi,Perry,,ismith@mckee.com,2542383489847,rebeccatran,)X0t$dZm(R
Lisa,Bennett,,wellsamber@gmail.com,399826139000,katielynch,_0AMABut+A
Allison,Sullivan,Male,zsullivan@gmail.com,2309137124141,weeksphillip,O*O9DUhq^%
Ashley,Reid,Female,darryl05@morrison.info,8539207296327,markgreen,B)M9aC9r3!
Misty,Hall,Female,dshaw@yahoo.com,4288345887709,chasemicheal,jz21ZAtfb+
Beverly,Boyd,Female,lopezmary@horn-white.org,7011129624042,imyers,v1kNzTHb%4
Anthony,Frye,,awilliams@hotmail.com,3596852891739,millervalerie,fk3TSyeVs&
William,Pratt,Female,joseph32@bernard-andrews.com,1384139467021,thomas98,G%7&@BUt*6
Adam,Brown,Female,antonio47@green.info,2395914716742,russelleric,1WBkgYiW^3
Scott,Collins,Male,xfisher@brown-oneill.com,118765690054,chase87,%*lOKsH+A1
Beverly,Suarez,Male,patriciawilliams@frazier.biz,2121094757810,martincharles,Y0mYb(Sl$a
William,Johnson,Male,aknight@thomas-jimenez.com,6575614573326,fergusonwilliam,!C*8JdrvM(
Jennifer,Pace,Female,sean85@ward.info,4388409734955,alisonbuckley,&BIUQRDlZ5
Sabrina,Herring,Male,michaelclements@yahoo.com,7500462027265,rachel88,Oy2ngsPjk_
Leslie,Taylor,Male,bjohnson@lopez-wise.biz,7467754521515,gmiller,_Q3ZlTRtW5
Rodney,Crawford,,brendawagner@clark-smith.net,4966797580335,estesheather,SJ#N5lLqv1
Jeffery,Roberts,,bkirk@mcintosh.com,1380768474782,jamietodd,@8SmrXwO)0
Debra,Long,Female,kimberlydunlap@schmidt.info,70154072182,frenchmatthew,e@800ENz2s
Nicholas,Smith,Female,browncindy@williams.com,5425188719723,wfernandez,$1N97QCaO$
Cheryl,Hamilton,Female,mparks@delgado-graham.info,5321727760744,isaac35,g(+Ai5Au(T
David,Watson,Male,elijahgibbs@yahoo.com,8024897845676,munozchristopher,6HN^0REhk3
Marcus,West,,lynn97@yahoo.com,1871022169745,leejessica,2^n9zGHRTm
Veronica,Oconnor,,nancy91@yahoo.com,1373762921680,fisherbrandon,nAA0sYApo*
Kelly,Thompson,,bspencer@hotmail.com,7721739742354,jeffreyarnold,^t3B2B(jC)
Jessica,Smith,,dmorales@morales.com,9996921645251,abailey,Gy_2ULUj(_
Jennifer,Smith,,laura93@hotmail.com,5403718572703,pnguyen,)7ibFN3jfW
Daniel,Hill,Male,madisonrodriguez@gmail.com,9192460351495,phamjohn,srrZ1lZX(2
Emily,Mitchell,,josephgreene@yahoo.com,2364765744630,ryan77,3PwNqF#n*R
Kevin,Mckee,Male,mitchellheather@mckenzie-taylor.biz,5645360228451,johnpeters,pcgGf6RF!9
Brenda,Rush,Male,atrujillo@gmail.com,5868614076070,adam60,@9_XrIqd#f
Richard,Stark,Female,thomascarr@franklin.com,6184644931857,sjackson,&9A6PG#qDJ
Joseph,Jacobs,,nphillips@garcia-hayes.com,8468476305437,mathewwillis,cvG3Axyv_V
Daniel,Moyer,Male,burgessjorge@gmail.com,7665615739724,kscott,@(0OH!aUoG
Jacob,Conway,Male,robinsongeorge@spencer.info,9260082920323,ikoch,(047j!eM%G
Erin,Johnson,,nathan25@hotmail.com,3041624276404,davidgreen,)XwFNTbk4d
Jill,Rivera,Male,gregory30@yahoo.com,2107677554968,katelynrios,A7^04SLuqZ
Nicole,Washington,,phillipnelson@yahoo.com,5821271406364,matthew40,(Hj1_Xyi9)
Stacey,Oconnor,Female,jnichols@yahoo.com,3613465236759,amy59,YA3(YYzUM+
Mark,Hernandez,,tammymurphy@thomas.org,6302816443794,kmiller,5z9LQTcR@G
Robert,Davenport,,matthew43@gmail.com,4986184627702,ianzavala,_1pZ1TYa#t
Anita,Hall,,johnsonabigail@hotmail.com,4814666032969,ronnieturner,on)5LmWvJH
Megan,Powell,Female,qwilson@harvey.com,6422659455441,sullivanedward,$LKsRkr210
Maria,Garcia,,casenicole@gmail.com,7166495743727,jennifer51,#1Imq(*X6e
Joseph,Rios,Female,jonathancampbell@moss.biz,6555292555835,xduncan,_5B7ND3omM
Frank,Hogan,,rgonzales@gomez-velez.com,7802308082954,tgreer,!rWOq$A3i3
Jeffrey,Campbell,Male,jacksonwilliam@gmail.com,1254379065347,grantmary,*5lAF$NLbf
Jason,Johnson,Male,david50@hotmail.com,6810234872997,ogonzales,la7p1BUj@_
Nichole,Campbell,Female,kyle33@martinez-mann.com,4543701334107,rwilson,Dj%2T_zd72
Debbie,Beck,,mgonzalez@pena.com,8348761345052,smithstacy,H^1^OkAs6$
Sean,Sawyer,Female,mercerbradley@patterson.com,1821972009405,rmartinez,9R1IcGDl2&
Jennifer,Mendoza,Male,jared60@walls.org,9572060757236,browntiffany,o^q4Nzfh^7
Stephen,Summers,,tphillips@gmail.com,2531053997971,tarathompson,JR183TTzU+
Dana,Daniels,Male,huntchristopher@vargas-henry.com,4858692254780,omaldonado,*fqFreYl3W
Kimberly,Camacho,Female,timothyhawkins@nixon.com,8293093801637,nicole24,*D0T!wkOwa
Jimmy,Brown,Female,johnathan57@yahoo.com,7827579162848,nancy23,#g$2OLGet_
Lisa,Gray,Female,crystal99@yahoo.com,7538745608511,qcrosby,vE*mglFC)3
Christopher,Santos,Female,ritafinley@young-buchanan.org,4575715182108,thomasbrewer,(eyROX$b37
John,Harrison,Female,emiller@mckee.com,2397367146099,williamshenry,&8a)#B+brg
Chase,Day,,kenneth88@hotmail.com,1630853339597,valexander,Pu1GGwuOz!
Maria,Brown,Female,areed@gmail.com,3733306530567,nathan37,+XS@j0Xc44
Nicole,Murray,Female,jamesmurphy@olson.biz,5504992699160,howardsheri,rZ*3SqxQ)6
Russell,Roberts,Female,justin42@yahoo.com,2650398212825,tim08,ORbC6NAv^W
Sally,Smith,Female,sally@gmail.com,1234567890,ssmith,pass1
